matrix_id,matrix_string,gate_count,circuit_depth,processing_time
0,0110\n0100\n1011\n0101,4,3,0.003758668899536133
1,1001\n1111\n0010\n1010,4,2,0.0036597251892089844
2,0110\n0100\n1111\n1010,4,2,0.00080108642578125
3,1101\n0001\n0101\n1111,3,3,0.0017948150634765625
4,1101\n0101\n1100\n0111,4,4,0.003615140914916992
5,1111\n1101\n0110\n1000,4,4,0.0008001327514648438
6,1111\n0011\n0100\n0001,3,2,0.0008540153503417969
7,1100\n0101\n0111\n1101,4,4,0.00080108642578125
8,0100\n1011\n1101\n1100,4,3,0.0007739067077636719
9,0011\n1001\n1000\n1101,3,3,0.0008890628814697266
10,0001\n0010\n1011\n1111,3,3,0.0006091594696044922
11,0101\n1101\n1100\n1111,4,4,0.0012040138244628906
12,1000\n0001\n0101\n0111,2,2,0.0008869171142578125
13,1100\n0110\n0001\n0100,2,2,0.0008959770202636719
14,1011\n0100\n0101\n0111,4,3,0.0009160041809082031
15,0011\n1110\n0100\n0101,4,3,0.0020699501037597656
16,1011\n1110\n1111\n0110,4,4,0.0010821819305419922
17,0100\n0110\n1001\n0111,3,2,0.0009698867797851562
18,0111\n1101\n0001\n0010,3,3,0.0005168914794921875
19,0001\n1001\n1110\n0010,3,2,0.0004668235778808594
20,1100\n0100\n0111\n0010,3,2,0.0005450248718261719
21,0011\n0101\n1011\n0100,3,2,0.0059740543365478516
22,0101\n1110\n0011\n1010,4,4,0.0010571479797363281
23,1001\n0001\n1111\n0010,3,2,0.0010190010070800781
24,1001\n0111\n1100\n0011,4,4,0.0009038448333740234
25,1000\n0100\n1011\n1101,3,3,0.000888824462890625
26,0100\n0011\n1110\n1000,3,3,0.0010776519775390625
27,1110\n1000\n1101\n0100,4,4,0.0012679100036621094
28,1000\n0101\n1011\n1010,3,2,0.0011377334594726562
29,1101\n1110\n0101\n0111,5,5,0.0012199878692626953
30,1011\n1110\n0111\n1000,5,5,0.002205371856689453
31,0101\n0110\n1001\n0100,3,2,0.0011188983917236328
32,1100\n1110\n0111\n0110,4,4,0.0017728805541992188
33,0110\n1001\n0111\n0011,4,4,0.0005438327789306641
34,1011\n0111\n1001\n1000,4,3,0.0004086494445800781
35,0111\n0011\n0101\n1111,4,4,0.0003790855407714844
36,0101\n1000\n0011\n0001,2,2,0.0013570785522460938
37,0011\n1101\n1100\n0101,4,4,0.00031876564025878906
38,0011\n0111\n1100\n0001,3,2,0.0003039836883544922
39,0011\n1011\n0010\n1110,4,2,0.0011129379272460938
40,1001\n1000\n1110\n1101,4,2,0.001634836196899414
41,0011\n1110\n0001\n0111,4,3,0.0003299713134765625
42,0001\n1111\n1011\n1000,3,3,0.0003039836883544922
43,1100\n0011\n1110\n0111,4,2,0.0002980232238769531
44,0010\n1000\n1110\n1011,4,4,0.0003001689910888672
45,1000\n1010\n0111\n0011,3,2,0.00045418739318847656
46,0101\n0100\n1001\n1010,3,3,0.0002868175506591797
47,0111\n1101\n0010\n0001,3,3,0.0014989376068115234
48,1001\n1101\n0011\n0010,3,2,0.0003619194030761719
49,1010\n1100\n0001\n1001,3,3,0.00036716461181640625
50,1011\n0001\n0110\n0100,3,2,0.00031113624572753906
51,1111\n1100\n1011\n0001,4,4,0.00031375885009765625
52,1100\n0001\n1000\n1111,3,2,0.0013897418975830078
53,1111\n1001\n1100\n0100,4,2,0.00029921531677246094
54,1011\n1010\n1100\n0100,3,2,0.0002808570861816406
55,1000\n1111\n1011\n0001,3,3,0.00032591819763183594
56,0111\n1100\n1001\n0011,4,4,0.0002970695495605469
57,0111\n0010\n1110\n1010,4,2,0.0003857612609863281
58,0101\n0100\n1111\n0011,4,2,0.0003077983856201172
59,1110\n0010\n1111\n0100,3,3,0.0003681182861328125
60,1111\n1001\n1010\n0010,4,2,0.0003159046173095703
61,1100\n0011\n1001\n1101,4,4,0.0003650188446044922
62,0011\n1001\n1101\n1000,3,3,0.0004208087921142578
63,1001\n1010\n0101\n0001,3,2,0.00029277801513671875
64,1110\n1111\n0111\n0101,4,4,0.0003120899200439453
65,0010\n1110\n1011\n0011,4,2,0.00028395652770996094
66,1000\n1011\n1100\n1110,4,2,0.0002980232238769531
67,0111\n0010\n0001\n1101,3,3,0.0002741813659667969
68,0011\n1000\n1100\n0001,2,1,0.00029015541076660156
69,1010\n1111\n0001\n1001,4,2,0.00028705596923828125
70,1000\n0101\n0011\n0010,2,2,0.00026869773864746094
71,1100\n0100\n0001\n0110,2,2,0.00028395652770996094
72,0011\n0110\n1001\n1101,4,4,0.0002923011779785156
73,0001\n1011\n0110\n0011,3,3,0.0002791881561279297
74,1101\n0001\n1001\n0011,3,2,0.00028705596923828125
75,0010\n1111\n0011\n0110,4,2,0.0010769367218017578
76,1101\n0001\n1010\n1000,3,2,0.00028204917907714844
77,0001\n1100\n0010\n1001,2,2,0.0004761219024658203
78,1101\n1000\n0110\n0111,4,4,0.00030112266540527344
79,0100\n1101\n1111\n0111,4,4,0.0003039836883544922
80,1111\n1011\n0101\n0011,4,3,0.0002880096435546875
81,0011\n1110\n0100\n1000,3,3,0.0003819465637207031
82,1010\n1001\n1111\n0001,4,2,0.00030493736267089844
83,0111\n1111\n1110\n1101,5,5,0.00027489662170410156
84,0101\n1111\n1100\n0001,4,2,0.0002923011779785156
85,1001\n1000\n1110\n0010,3,2,0.00031113624572753906
86,0001\n0111\n1001\n1011,4,2,0.0002810955047607422
87,0100\n1010\n0101\n1000,2,1,0.0002739429473876953
88,1101\n0111\n1110\n1100,5,5,0.0003440380096435547
89,0110\n0001\n1100\n1000,2,2,0.00026917457580566406
90,1100\n1001\n1110\n1111,4,3,0.00027680397033691406
91,1101\n0111\n1100\n1111,4,4,0.0002899169921875
92,1000\n0100\n0011\n0101,2,2,0.0002779960632324219
93,0111\n1001\n1111\n0101,4,3,0.0002789497375488281
94,0110\n1010\n1001\n0100,3,3,0.0002949237823486328
95,0001\n0010\n1010\n1110,2,2,0.00029206275939941406
96,1110\n0110\n1100\n1001,4,4,0.0002770423889160156
97,1111\n1000\n1010\n1011,3,3,0.0002799034118652344
98,1010\n1101\n0011\n0110,5,5,0.0003199577331542969
99,0110\n1110\n1101\n1010,5,5,0.0003070831298828125
100,1101\n0001\n1000\n0010,2,2,0.0002818107604980469
101,0100\n0101\n0110\n1000,2,2,0.00028705596923828125
102,0100\n1000\n1101\n0111,3,3,0.00026702880859375
103,0001\n0100\n1011\n1000,2,2,0.0002288818359375
104,0101\n0100\n0010\n1010,2,1,0.0002760887145996094
105,1111\n0100\n1010\n0010,3,2,0.0002779960632324219
106,0100\n1000\n0011\n0010,1,1,0.00022983551025390625
107,0111\n1000\n0100\n0001,2,2,0.00027298927307128906
108,0001\n0011\n1010\n0101,3,2,0.00028204917907714844
109,1001\n1101\n0101\n1011,4,4,0.00029015541076660156
110,1000\n1010\n0001\n0101,2,1,0.002046823501586914
111,0001\n1110\n1001\n0101,4,3,0.0002932548522949219
112,0010\n1100\n0100\n0011,2,1,0.00031185150146484375
113,1000\n0110\n0101\n0111,3,3,0.0010547637939453125
114,0001\n1101\n1011\n0100,3,3,0.00034999847412109375
115,0010\n0101\n1111\n1100,4,4,0.00043582916259765625
116,1010\n1011\n0011\n1111,4,4,0.00036597251892089844
117,0011\n0100\n1000\n0001,1,1,0.0007610321044921875
118,1110\n1011\n1101\n1001,5,5,0.00033783912658691406
119,0101\n1100\n1110\n1000,3,3,0.001966714859008789
120,1011\n0110\n0111\n0011,4,4,0.0003218650817871094
121,1011\n0001\n0010\n0111,4,4,0.00031113624572753906
122,1110\n1010\n0111\n1011,5,5,0.0004258155822753906
123,1101\n0001\n0110\n1110,4,4,0.0003390312194824219
124,0110\n1010\n0011\n1000,3,3,0.0003509521484375
125,1000\n0100\n0001\n1111,3,3,0.00030303001403808594
126,1100\n1110\n1101\n1000,3,3,0.0003268718719482422
127,0111\n1000\n0110\n0011,3,3,0.0002911090850830078
128,1110\n0101\n0001\n0111,4,3,0.00045680999755859375
129,0100\n1110\n1101\n1000,4,4,0.00029778480529785156
130,1011\n1001\n1100\n0011,4,4,0.0003638267517089844
131,0111\n1111\n1101\n0100,4,4,0.0003058910369873047
132,0010\n0001\n0101\n1011,3,2,0.0003838539123535156
133,1111\n1000\n1100\n0110,4,2,0.00033283233642578125
134,1110\n0101\n0110\n0111,4,4,0.0003020763397216797
135,0010\n1001\n0101\n1010,3,3,0.0003299713134765625
136,1100\n0010\n1010\n0101,3,3,0.0002770423889160156
137,1001\n1010\n0110\n1011,4,4,0.0003142356872558594
138,1101\n0010\n1011\n1010,4,3,0.00028896331787109375
139,1000\n1011\n1001\n1111,3,3,0.0003418922424316406
140,1000\n1111\n0110\n1011,4,4,0.001153707504272461
141,1010\n1111\n0001\n1001,4,2,0.0002808570861816406
142,1101\n1110\n0101\n1111,4,4,0.0005400180816650391
143,1000\n1111\n1010\n1100,4,2,0.00030422210693359375
144,0100\n0001\n1111\n0010,3,3,0.0002949237823486328
145,0010\n1101\n1100\n1001,3,3,0.001420736312866211
146,0110\n1011\n1100\n0101,5,5,0.00026488304138183594
147,1110\n0111\n1011\n1000,5,5,0.0009899139404296875
148,0001\n0010\n1111\n1011,3,3,0.00028586387634277344
149,0011\n0101\n0111\n1101,4,4,0.0003139972686767578
150,0110\n1110\n0010\n1101,4,3,0.0002830028533935547
151,1001\n0111\n0110\n1101,4,2,0.0009112358093261719
152,0110\n0001\n0101\n1111,4,2,0.0002739429473876953
153,1111\n1010\n1011\n1001,4,4,0.0015211105346679688
154,0101\n1111\n1101\n0100,3,3,0.0002758502960205078
155,1110\n1000\n1010\n0001,2,2,0.0002429485321044922
156,1101\n0100\n1111\n0011,4,4,0.0002830028533935547
157,1100\n1010\n1110\n1011,4,4,0.0009968280792236328
158,0100\n0101\n1111\n0110,4,2,0.0002830028533935547
159,1000\n0100\n1110\n1011,3,3,0.0002932548522949219
160,1110\n0110\n0100\n1111,3,3,0.00029206275939941406
161,1100\n1110\n1111\n1011,4,4,0.0011057853698730469
162,1111\n0101\n0010\n1011,4,4,0.00031495094299316406
163,1101\n0011\n0111\n1111,4,4,0.0005438327789306641
164,1111\n0110\n1110\n1101,4,4,0.000324249267578125
165,1011\n0101\n1001\n1000,3,3,0.0012099742889404297
166,1001\n1101\n1110\n1100,4,4,0.0003457069396972656
167,0010\n1111\n1110\n0111,4,4,0.0003941059112548828
168,1000\n1110\n0111\n0010,3,3,0.00028228759765625
169,1000\n0111\n0011\n0001,2,2,0.0009179115295410156
170,0110\n1000\n0101\n0111,3,3,0.0003178119659423828
171,1000\n1011\n1110\n1010,3,3,0.00032520294189453125
172,1101\n1110\n1001\n1111,4,4,0.002302885055541992
173,1010\n1100\n0101\n1000,3,2,0.0002880096435546875
174,1000\n0101\n1100\n1110,3,3,0.00044798851013183594
175,1110\n1001\n1000\n1100,3,2,0.00027298927307128906
176,1110\n0111\n0100\n0010,4,4,0.0010020732879638672
177,1011\n0010\n0100\n0111,3,3,0.0002269744873046875
178,1100\n0111\n1101\n0011,4,2,0.0004296302795410156
179,0001\n1110\n0100\n0111,3,3,0.0002951622009277344
180,0001\n1000\n1101\n0011,3,2,0.0002770423889160156
181,0110\n1010\n1001\n1011,4,4,0.0003178119659423828
182,1001\n0110\n0101\n0010,3,3,0.0002720355987548828
183,1101\n0111\n1111\n0001,4,4,0.0008928775787353516
184,0100\n1011\n0011\n0010,2,2,0.00029397010803222656
185,1111\n1010\n0011\n0010,4,2,0.0005030632019042969
186,1100\n0100\n0011\n1101,3,2,0.0010180473327636719
187,1000\n0010\n0110\n0011,2,2,0.001135110855102539
188,1010\n0110\n1101\n1111,5,5,0.0003879070281982422
189,0001\n1000\n0101\n0010,1,1,0.00037980079650878906
190,1000\n0001\n0111\n0101,2,2,0.0004780292510986328
191,0111\n0010\n0100\n1100,3,2,0.0004649162292480469
192,0011\n0100\n0001\n1110,3,2,0.001322031021118164
193,1111\n0001\n1011\n0010,3,3,0.0004570484161376953
194,1010\n0010\n1111\n1100,4,2,0.0004801750183105469
195,0100\n1101\n1111\n0011,4,4,0.0003418922424316406
196,0101\n1010\n0110\n0111,4,4,0.00041103363037109375
197,0100\n0110\n0001\n1010,2,2,0.00028586387634277344
198,0100\n1011\n1101\n0101,4,3,0.0009579658508300781
199,0010\n1000\n0111\n0110,2,2,0.0003218650817871094
200,0011\n0010\n1110\n1000,3,2,0.00025391578674316406
201,0010\n0001\n1000\n1100,1,1,0.0003180503845214844
202,1111\n1101\n0011\n0101,4,3,0.0003211498260498047
203,1000\n0010\n0111\n1100,3,2,0.0005271434783935547
204,0111\n1010\n0110\n1110,4,4,0.0009529590606689453
205,0010\n0111\n0110\n1010,3,2,0.00028324127197265625
206,1010\n0011\n1101\n0110,5,5,0.0009589195251464844
207,1000\n0111\n1110\n1101,5,5,0.00033473968505859375
208,1000\n1101\n1010\n1001,3,2,0.00043392181396484375
209,0100\n1100\n0101\n1010,3,2,0.0012888908386230469
210,0010\n1101\n0001\n1010,3,2,0.0003788471221923828
211,1011\n1111\n1101\n1100,4,4,0.0004000663757324219
212,1100\n0111\n1010\n0101,4,4,0.0011360645294189453
213,0001\n1010\n0100\n0111,3,3,0.0003268718719482422
214,1001\n0110\n0001\n1010,3,3,0.0003230571746826172
215,1010\n1000\n0100\n0101,2,1,0.00032711029052734375
216,1101\n1011\n0001\n0100,3,3,0.0012788772583007812
217,1011\n1100\n0010\n0001,3,3,0.0004038810729980469
218,1110\n1101\n1000\n1111,4,4,0.0005240440368652344
219,1101\n1111\n0001\n0111,4,4,0.00036525726318359375
220,0111\n0101\n1011\n1000,4,4,0.001010894775390625
221,0001\n1101\n0110\n1001,3,2,0.00040078163146972656
222,0101\n1000\n0100\n0010,1,1,0.0010371208190917969
223,0110\n1101\n1001\n0111,4,2,0.0006930828094482422
224,0011\n1110\n0110\n1100,4,4,0.0014679431915283203
225,0011\n1111\n0111\n1010,4,3,0.00044798851013183594
226,0111\n1001\n0010\n0011,3,3,0.00039124488830566406
227,1110\n1011\n0001\n1101,5,5,0.0012290477752685547
228,1101\n1010\n1110\n1011,5,5,0.0004260540008544922
229,0110\n0010\n1110\n0111,3,3,0.0003809928894042969
230,0111\n0110\n1000\n1011,4,4,0.0003540515899658203
231,0101\n1010\n1011\n1100,4,4,0.0003418922424316406
232,0101\n0110\n1110\n0001,3,2,0.00215911865234375
233,1111\n0111\n1010\n0011,4,3,0.0011980533599853516
234,0011\n1010\n0010\n0111,3,2,0.00031304359436035156
235,0111\n1111\n1011\n0110,4,4,0.0003230571746826172
236,1100\n0001\n1000\n0111,3,2,0.0009160041809082031
237,1100\n0001\n0010\n1011,3,3,0.0003521442413330078
238,1101\n1100\n0011\n1000,3,2,0.0003330707550048828
239,0110\n1001\n0111\n0100,3,2,0.00033402442932128906
240,0110\n0100\n1001\n1010,3,3,0.00032067298889160156
241,0001\n1011\n0010\n1110,3,3,0.0002968311309814453
242,1011\n1100\n0011\n1010,4,4,0.00031113624572753906
243,0011\n1100\n0010\n1001,3,3,0.001009225845336914
244,0010\n1100\n0110\n1101,3,2,0.0009162425994873047
245,1001\n1011\n1111\n1110,4,4,0.0003781318664550781
246,1001\n0001\n1101\n1111,3,3,0.0003609657287597656
247,1100\n1010\n0101\n0010,3,3,0.0002968311309814453
248,0111\n1001\n1011\n0100,4,4,0.000335693359375
249,0010\n0001\n0100\n1010,1,1,0.004793643951416016
250,1110\n1100\n1001\n0011,4,4,0.00047206878662109375
251,1111\n0010\n0110\n0001,3,2,0.0002880096435546875
252,1011\n0101\n0001\n0110,4,3,0.0002980232238769531
253,0001\n1011\n1110\n0110,4,4,0.00043201446533203125
254,1111\n0001\n0101\n1000,3,2,0.0011401176452636719
255,1100\n0101\n0001\n0111,3,3,0.0002827644348144531
256,1001\n0101\n1000\n0010,2,2,0.0002779960632324219
257,0100\n1110\n0101\n1001,4,3,0.0006656646728515625
258,0010\n0001\n1011\n0111,4,4,0.0003440380096435547
259,1010\n0011\n0001\n1100,3,3,0.0002989768981933594
260,1110\n0010\n1011\n1101,5,5,0.0003421306610107422
261,1101\n1001\n1011\n0101,4,4,0.0003170967102050781
262,1001\n1101\n1100\n0110,4,4,0.0003552436828613281
263,1111\n0111\n1101\n0110,4,4,0.00032901763916015625
264,0110\n0011\n1110\n1111,4,3,0.0018329620361328125
265,0001\n1100\n0101\n1011,4,3,0.0002758502960205078
266,0011\n0001\n0111\n1100,3,2,0.0002701282501220703
267,0111\n0100\n0110\n1010,3,3,0.0010616779327392578
268,0010\n0011\n1011\n1110,4,2,0.0007698535919189453
269,0011\n1100\n0101\n1110,4,4,0.0011792182922363281
270,1111\n0111\n0110\n0011,4,4,0.0003781318664550781
271,1100\n0100\n0110\n1001,3,2,0.0027170181274414062
272,0011\n1011\n0101\n1001,4,4,0.00043010711669921875
273,0100\n1110\n0111\n1111,4,4,0.0017559528350830078
274,0110\n1001\n0001\n0011,3,2,0.0003161430358886719
275,0110\n0100\n1111\n0001,3,2,0.0003600120544433594
276,1111\n1101\n1100\n0100,3,3,0.0014278888702392578
277,1100\n1111\n1110\n0101,4,3,0.0003368854522705078
278,0001\n0010\n0111\n1010,3,2,0.00048613548278808594
279,1010\n0101\n0001\n1100,3,3,0.00034308433532714844
280,0001\n1010\n1001\n1111,4,2,0.0003581047058105469
281,0100\n0001\n0010\n1100,1,1,0.00033926963806152344
282,1101\n1001\n1000\n0011,3,3,0.00043201446533203125
283,0111\n0100\n0001\n1001,3,2,0.00034880638122558594
284,1110\n0101\n0110\n0010,3,3,0.00031113624572753906
285,1101\n1010\n1110\n1111,4,4,0.0003032684326171875
286,1111\n1010\n0010\n1001,4,2,0.0003561973571777344
287,0101\n0100\n1010\n0010,2,1,0.0010612010955810547
288,0100\n0001\n1111\n0111,3,3,0.000881195068359375
289,0011\n1100\n1110\n1010,4,4,0.0011279582977294922
290,0010\n0100\n1000\n1011,2,2,0.0002391338348388672
291,0111\n1100\n0011\n1010,4,4,0.0010199546813964844
292,0001\n0110\n1000\n0010,1,1,0.000308990478515625
293,0100\n0111\n1010\n1111,4,4,0.0027070045471191406
294,1101\n1001\n1110\n0001,4,3,0.0008351802825927734
295,0111\n1110\n1101\n1011,6,6,0.002176046371459961
296,1100\n0101\n0010\n1000,2,2,0.0005602836608886719
297,1101\n0100\n1000\n0111,3,3,0.001220703125
298,0110\n1010\n0111\n1111,4,3,0.001611948013305664
299,1001\n1010\n0111\n0101,4,4,0.0011620521545410156
300,1000\n1100\n1001\n1110,3,2,0.0014641284942626953
301,0101\n1100\n1101\n1011,5,5,0.0021820068359375
302,1110\n0111\n0110\n0100,3,3,0.0013880729675292969
303,0100\n0010\n1110\n1011,3,3,0.0014400482177734375
304,1101\n0110\n0100\n0001,3,2,0.0003299713134765625
305,0011\n0001\n0100\n1000,1,1,0.0004353523254394531
306,0111\n0101\n1100\n0100,3,2,0.00043129920959472656
307,1100\n0011\n0110\n1011,4,4,0.0011110305786132812
308,0101\n1001\n0100\n1010,3,3,0.0007300376892089844
309,0011\n0110\n1101\n1111,5,5,0.00033473968505859375
310,1001\n0110\n1100\n1110,4,4,0.00040602684020996094
311,0111\n1100\n0101\n1010,4,4,0.0011279582977294922
312,1010\n0011\n0110\n0100,3,3,0.00036907196044921875
313,1000\n1011\n0101\n1111,4,4,0.00045490264892578125
314,1101\n1010\n1100\n1111,4,3,0.0010230541229248047
315,1100\n0011\n0001\n1000,2,1,0.0010209083557128906
316,0111\n1110\n1000\n0010,3,3,0.0008189678192138672
317,1100\n0010\n0001\n1011,3,3,0.00041484832763671875
318,0100\n1000\n0101\n0010,1,1,0.0003941059112548828
319,1000\n0010\n0111\n1100,3,2,0.0009248256683349609
320,1001\n0110\n0100\n1100,3,2,0.00045299530029296875
321,1100\n1101\n1010\n1110,4,4,0.0011289119720458984
322,0111\n1001\n0110\n1011,4,2,0.0007300376892089844
323,1010\n0101\n1000\n1110,3,2,0.0003681182861328125
324,0011\n0111\n1111\n1001,4,3,0.00039505958557128906
325,1000\n1111\n0001\n1101,3,3,0.0004820823669433594
326,0010\n1010\n0101\n0100,2,1,0.00043511390686035156
327,1011\n0011\n0101\n0001,3,2,0.00034499168395996094
328,1001\n1100\n1111\n1011,4,3,0.0011327266693115234
329,1111\n1101\n1010\n1110,4,4,0.0009930133819580078
330,1111\n0111\n0100\n1010,4,4,0.00115203857421875
331,0111\n1110\n0100\n0001,3,3,0.0003299713134765625
332,0111\n0110\n1111\n1011,4,4,0.0003540515899658203
333,1001\n0100\n0001\n0011,2,2,0.00037407875061035156
334,1100\n1110\n1011\n0110,5,5,0.0004000663757324219
335,1001\n0010\n1010\n1100,3,3,0.0009770393371582031
336,0010\n0001\n0101\n1111,3,2,0.0003731250762939453
337,1000\n0001\n1011\n0111,3,3,0.0003609657287597656
338,1110\n0110\n0010\n0001,2,2,0.0003299713134765625
339,0111\n1101\n0110\n0011,5,5,0.0003762245178222656
340,1111\n1011\n1101\n0101,4,4,0.0003299713134765625
341,1100\n1111\n1010\n0001,4,4,0.0003731250762939453
342,1010\n0101\n0001\n1000,2,1,0.0003008842468261719
343,0010\n1100\n0011\n1010,3,2,0.0008070468902587891
344,0001\n0010\n0111\n1110,3,3,0.0009539127349853516
345,1100\n1001\n0100\n0011,3,3,0.0003008842468261719
346,1000\n0101\n0110\n1010,3,3,0.0003132820129394531
347,0100\n1010\n0010\n1101,3,2,0.0003409385681152344
348,0110\n1000\n1010\n1011,3,3,0.00039505958557128906
349,0010\n1101\n1010\n0001,3,2,0.0015728473663330078
350,0010\n0101\n1000\n0110,2,2,0.0003399848937988281
351,1110\n0101\n1100\n1000,3,3,0.00086212158203125
352,0010\n0100\n0101\n1110,3,2,0.0003063678741455078
353,1010\n0101\n0010\n1011,3,2,0.00032782554626464844
354,1100\n0011\n1101\n0111,4,2,0.001007080078125
355,1001\n0101\n0110\n0010,3,3,0.0003230571746826172
356,0100\n1110\n0010\n1101,3,3,0.0004029273986816406
357,1001\n1100\n0111\n1101,5,5,0.0008208751678466797
358,1000\n1010\n0001\n1101,3,2,0.0003371238708496094
359,0001\n0111\n1111\n1010,4,4,0.0007069110870361328
360,1110\n1010\n1100\n1111,4,4,0.00034427642822265625
361,0101\n0110\n0001\n1100,3,3,0.0007467269897460938
362,1101\n1100\n0111\n1000,4,3,0.0004961490631103516
363,1010\n1101\n0011\n0101,4,4,0.0009398460388183594
364,1111\n0010\n0011\n1000,3,2,0.00031375885009765625
365,1001\n0100\n0010\n0001,1,1,0.00032711029052734375
366,1001\n0110\n0001\n0010,2,1,0.0004420280456542969
367,1110\n0110\n0001\n0100,2,2,0.0011839866638183594
368,0110\n1100\n0001\n0101,3,3,0.0010182857513427734
369,0111\n1100\n0110\n0101,4,4,0.0011050701141357422
370,0111\n1001\n1101\n0101,4,4,0.001032114028930664
371,1001\n0101\n0111\n0110,4,4,0.00039386749267578125
372,0111\n0001\n1111\n0101,3,3,0.0003399848937988281
373,1100\n0010\n0011\n0100,2,1,0.0003960132598876953
374,1011\n0111\n0011\n1101,5,5,0.00735783576965332
375,0101\n1001\n1101\n0011,4,4,0.00043320655822753906
376,0001\n1100\n0010\n1010,2,2,0.0003368854522705078
377,0001\n0110\n1001\n0101,3,2,0.00038814544677734375
378,1111\n1110\n0111\n1010,4,4,0.0003311634063720703
379,1100\n1111\n0111\n1001,5,5,0.0003478527069091797
380,1010\n0011\n1011\n1101,5,5,0.0010352134704589844
381,1111\n1110\n0110\n1011,4,4,0.0008988380432128906
382,1001\n0010\n0100\n1100,2,2,0.0008628368377685547
383,0111\n0110\n0011\n1010,4,4,0.0004763603210449219
384,0110\n1111\n1110\n0011,4,3,0.0003199577331542969
385,0010\n0101\n1110\n0001,3,2,0.00036716461181640625
386,1100\n1010\n1001\n0100,3,3,0.0004439353942871094
387,1010\n0111\n0110\n1111,4,3,0.0003540515899658203
388,1011\n1110\n0110\n0100,4,3,0.0016210079193115234
389,0011\n0001\n0100\n1011,2,2,0.00033593177795410156
390,0110\n1010\n0101\n1011,4,4,0.0003418922424316406
391,1101\n1001\n1000\n1010,3,2,0.0003008842468261719
392,0011\n1110\n0111\n1000,4,4,0.00042438507080078125
393,1100\n0011\n0101\n0111,4,4,0.0011129379272460938
394,1110\n1111\n0110\n1101,4,4,0.00469207763671875
395,1011\n0110\n0101\n1010,4,4,0.0011513233184814453
396,0111\n1001\n0010\n1101,4,4,0.0003330707550048828
397,0100\n1101\n0110\n1100,3,2,0.0002980232238769531
398,1001\n0111\n1000\n1010,4,3,0.0004086494445800781
399,0110\n1100\n0101\n1000,3,3,0.00037288665771484375
400,1111\n0011\n0100\n1101,4,4,0.00037384033203125
401,1010\n0010\n1101\n1001,3,2,0.0003859996795654297
402,1000\n0101\n1011\n0100,3,2,0.0012269020080566406
403,1111\n1101\n0011\n1010,5,5,0.0025479793548583984
404,1110\n0111\n0011\n0001,4,3,0.0003840923309326172
405,1000\n0011\n0101\n1111,4,4,0.000782012939453125
406,0001\n1110\n0110\n1011,4,4,0.00045680999755859375
407,1001\n0101\n1000\n0111,3,2,0.0003898143768310547
408,1111\n1000\n0100\n1001,3,2,0.0003857612609863281
409,1100\n0100\n0010\n1111,3,2,0.0011830329895019531
410,0110\n1011\n1001\n1010,4,4,0.0003819465637207031
411,1001\n1100\n0110\n1011,4,4,0.0004010200500488281
412,0110\n1001\n0101\n0100,3,2,0.00039696693420410156
413,0010\n1000\n0101\n1001,2,2,0.00031304359436035156
414,0111\n0001\n1110\n0101,4,3,0.0023751258850097656
415,0111\n0010\n1110\n0001,3,3,0.0003352165222167969
416,1010\n0011\n1101\n1000,4,3,0.0012640953063964844
417,0101\n1010\n1110\n1000,3,2,0.00030994415283203125
418,0010\n1001\n0001\n0101,2,2,0.0004391670227050781
419,0100\n1101\n0110\n0101,3,2,0.00035309791564941406
420,0110\n0001\n1011\n0100,3,2,0.00033783912658691406
421,0001\n1000\n0010\n0100,0,0,0.00026917457580566406
422,1011\n0011\n0111\n1101,5,5,0.000408172607421875
423,0011\n0010\n0101\n1110,4,3,0.0011317729949951172
424,1011\n0010\n0100\n0011,2,2,0.00038909912109375
425,1011\n1110\n1101\n0010,5,5,0.000347137451171875
426,1000\n0100\n1111\n0001,3,3,0.0009751319885253906
427,0111\n0110\n0100\n1011,4,3,0.0008549690246582031
428,1000\n1001\n0111\n0010,3,2,0.0003440380096435547
429,1010\n1101\n0001\n0010,3,2,0.00034308433532714844
430,1010\n0010\n1110\n1111,3,3,0.00045800209045410156
431,0011\n0100\n1100\n1001,3,3,0.00039696693420410156
432,1010\n1100\n1001\n0001,3,3,0.00035309791564941406
433,0011\n0001\n1101\n1010,4,3,0.0004849433898925781
434,1011\n0001\n1110\n1001,4,3,0.0010578632354736328
435,1101\n1001\n0110\n1100,4,4,0.0010249614715576172
436,0011\n1110\n0111\n1000,4,4,0.00030493736267089844
437,0111\n0011\n0001\n1000,2,2,0.0003037452697753906
438,0011\n1011\n1010\n0111,4,4,0.00035190582275390625
439,1010\n1111\n0010\n1110,3,3,0.0009098052978515625
440,0100\n1111\n0011\n1101,4,4,0.0008418560028076172
441,1110\n0010\n1101\n0101,4,4,0.006780862808227539
442,0101\n1110\n1100\n0011,4,4,0.00031185150146484375
443,1010\n0011\n1101\n1000,4,3,0.00034999847412109375
444,0011\n1100\n1001\n1101,4,4,0.00039315223693847656
445,1110\n0010\n0001\n1010,2,2,0.0003361701965332031
446,1010\n1111\n1011\n1101,4,4,0.0006127357482910156
447,1111\n0111\n0010\n1001,4,4,0.0009789466857910156
448,0110\n1100\n1111\n0001,4,4,0.0003380775451660156
449,1110\n1111\n0010\n0111,4,4,0.00031304359436035156
450,0010\n1011\n1101\n1010,4,3,0.00044918060302734375
451,0110\n1011\n1100\n1111,5,5,0.0004298686981201172
452,1010\n0100\n0101\n1000,2,1,0.002958059310913086
453,0001\n0011\n1101\n1001,3,2,0.00034809112548828125
454,1100\n0111\n1111\n1110,4,4,0.00033283233642578125
455,1000\n1010\n0011\n0101,3,3,0.0011470317840576172
456,0110\n1111\n0011\n1110,4,3,0.0003230571746826172
457,1111\n1001\n0111\n0101,4,3,0.0003666877746582031
458,1110\n0111\n0010\n1010,4,2,0.0008120536804199219
459,0010\n1000\n1011\n0100,2,2,0.0003693103790283203
460,1001\n1111\n0100\n0111,4,4,0.0004260540008544922
461,0100\n1001\n1010\n1000,2,2,0.000370025634765625
462,1101\n1001\n0111\n0101,4,4,0.00078582763671875
463,1010\n0001\n1001\n1101,3,3,0.0003757476806640625
464,0001\n0011\n0111\n1110,4,3,0.00030303001403808594
465,1001\n1011\n0100\n1100,3,2,0.00034880638122558594
466,1010\n0100\n0110\n0101,3,2,0.0004100799560546875
467,0111\n0001\n1000\n0010,2,2,0.0003142356872558594
468,1101\n1010\n0010\n1001,3,2,0.0010051727294921875
469,0010\n0001\n1011\n1110,3,3,0.0003058910369873047
470,0010\n0111\n1001\n0110,3,2,0.00031375885009765625
471,1101\n1100\n0100\n1010,3,3,0.0009641647338867188
472,0100\n0111\n1010\n1000,3,2,0.0003120899200439453
473,1011\n0110\n0011\n0111,4,4,0.0003788471221923828
474,0111\n1110\n0101\n0011,5,5,0.0004551410675048828
475,1111\n0011\n0110\n1101,5,5,0.000881195068359375
476,0001\n0110\n1001\n1011,3,2,0.0013682842254638672
477,1000\n1100\n0011\n1010,3,2,0.0008120536804199219
478,1000\n1110\n0111\n1100,4,3,0.0007517337799072266
479,1111\n0100\n1000\n0010,3,3,0.0011646747589111328
480,1101\n0110\n0100\n0011,4,3,0.0011110305786132812
481,0101\n0010\n1010\n1001,3,3,0.0008652210235595703
482,0111\n0110\n1101\n0010,4,3,0.0005788803100585938
483,0001\n0100\n1010\n0011,2,2,0.00041413307189941406
484,1010\n1000\n0100\n1101,3,2,0.001028299331665039
485,1001\n0101\n0011\n0100,3,3,0.0010371208190917969
486,1100\n1010\n1001\n0100,3,3,0.0003688335418701172
487,1100\n0010\n0101\n1111,4,4,0.000392913818359375
488,0001\n1110\n1001\n1101,4,3,0.0010631084442138672
489,0011\n0100\n1010\n0110,3,3,0.000453948974609375
490,1100\n0100\n1011\n0001,3,2,0.0008959770202636719
491,0010\n0110\n1011\n1100,4,3,0.0003361701965332031
492,1011\n0101\n0001\n1001,3,2,0.00035881996154785156
493,0010\n1011\n1111\n1100,4,4,0.0009522438049316406
494,0011\n0001\n1000\n0100,1,1,0.0003070831298828125
495,0001\n0011\n1000\n1100,2,1,0.00038909912109375
496,1110\n1100\n0011\n1010,4,4,0.00035691261291503906
497,1010\n0001\n0011\n0101,3,2,0.0009341239929199219
498,0100\n0010\n1000\n0111,2,2,0.0009629726409912109
499,1110\n1011\n1000\n0001,3,3,0.0003559589385986328
500,0111\n0100\n0110\n1010,3,3,0.0002989768981933594
501,1101\n0010\n1011\n0111,5,5,0.0004868507385253906
502,1100\n0011\n0101\n1000,3,3,0.0004868507385253906
503,0001\n1001\n1101\n0110,3,2,0.0003330707550048828
504,0110\n1011\n0010\n0101,4,3,0.0003428459167480469
505,1011\n1000\n0100\n0101,3,2,0.0011458396911621094
506,1001\n0110\n1000\n1101,3,2,0.0009472370147705078
507,1000\n0110\n0011\n1100,3,3,0.0004608631134033203
508,0011\n1001\n0001\n1100,3,2,0.000982046127319336
509,0111\n1100\n1001\n0100,4,3,0.0009799003601074219
510,0100\n1011\n1101\n1010,4,4,0.00038886070251464844
511,1010\n1100\n0001\n0100,2,2,0.00040721893310546875
512,0100\n1101\n0011\n0110,4,3,0.0008449554443359375
513,1011\n1100\n0110\n0010,4,3,0.0004379749298095703
514,1101\n0001\n0110\n1000,3,3,0.0009491443634033203
515,1110\n0010\n1101\n1001,4,4,0.0004830360412597656
516,1111\n0010\n0011\n1000,3,2,0.00036406517028808594
517,0110\n0111\n0101\n1101,4,4,0.0003647804260253906
518,0101\n1001\n1110\n0110,4,4,0.0011026859283447266
519,1101\n1000\n0110\n0111,4,4,0.0008871555328369141
520,1111\n0111\n0100\n1010,4,4,0.0018241405487060547
521,1111\n0111\n1010\n0011,4,3,0.0008578300476074219
522,1101\n1010\n1110\n1000,4,2,0.0009148120880126953
523,0111\n1101\n0001\n0011,4,2,0.0004248619079589844
524,1100\n1011\n0010\n1000,3,2,0.00034117698669433594
525,0001\n1110\n1011\n0110,4,4,0.00039505958557128906
526,0010\n0011\n1101\n0101,3,2,0.0009999275207519531
527,0101\n1011\n0010\n0100,3,2,0.0018129348754882812
528,0110\n0101\n1111\n1011,5,5,0.0004436969757080078
529,0001\n0110\n0011\n1101,4,3,0.0010309219360351562
530,1001\n1111\n1011\n0111,4,4,0.0003509521484375
531,1110\n1011\n0110\n1111,4,4,0.0010259151458740234
532,1010\n0011\n0001\n1100,3,3,0.00041103363037109375
533,1100\n0011\n1000\n0110,3,3,0.00032806396484375
534,0111\n1111\n0010\n1100,4,4,0.0003509521484375
535,1000\n0101\n0111\n1001,3,2,0.0003421306610107422
536,0100\n1000\n0010\n0101,1,1,0.0002892017364501953
537,0100\n0111\n1110\n0101,4,2,0.002103090286254883
538,1001\n1111\n1000\n0100,3,2,0.0010280609130859375
539,1000\n0111\n0101\n1100,3,2,0.0010161399841308594
540,1100\n1011\n1010\n0010,3,3,0.0007040500640869141
541,1110\n0100\n1001\n1000,3,2,0.0003292560577392578
542,1010\n1110\n0111\n1000,4,3,0.00067901611328125
543,0101\n1001\n0011\n0111,4,4,0.0011920928955078125
544,0100\n1001\n1110\n0101,4,3,0.0005080699920654297
545,1010\n1110\n1011\n0111,5,5,0.0004889965057373047
546,0101\n1011\n1100\n1111,5,5,0.0012240409851074219
547,1001\n0011\n1110\n0001,4,3,0.0003859996795654297
548,1001\n0100\n0101\n1111,4,2,0.0004360675811767578
549,1101\n1000\n0001\n1010,3,2,0.00096893310546875
550,0001\n1001\n0110\n0010,2,1,0.0003209114074707031
551,1010\n0110\n0001\n0010,2,2,0.00034618377685546875
552,1010\n1110\n0101\n0011,4,4,0.0022478103637695312
553,1101\n0001\n0100\n0011,3,2,0.000392913818359375
554,0001\n0101\n1101\n0110,3,3,0.00037288665771484375
555,1001\n0110\n1011\n1010,4,4,0.00035881996154785156
556,1110\n0101\n1010\n1000,3,2,0.0003249645233154297
557,0100\n1111\n0001\n1101,3,3,0.0016167163848876953
558,1000\n0011\n1111\n1110,4,4,0.0013577938079833984
559,1001\n1000\n0100\n1111,3,2,0.001196146011352539
560,0010\n0001\n0100\n1011,2,2,0.0010700225830078125
561,1000\n0011\n1101\n1111,4,4,0.0019152164459228516
562,0101\n1010\n1110\n1101,4,2,0.0017948150634765625
563,1010\n0010\n0110\n0111,3,2,0.0011191368103027344
564,0001\n1000\n0111\n1101,3,3,0.0011987686157226562
565,0100\n0011\n1000\n1101,3,3,0.0016951560974121094
566,1101\n1010\n0100\n0101,3,2,0.001783609390258789
567,0111\n1111\n0101\n1001,4,3,0.002087831497192383
568,0110\n0100\n1100\n1001,3,2,0.0016739368438720703
569,1000\n0110\n0011\n1100,3,3,0.0013439655303955078
570,0001\n0100\n1011\n1100,3,2,0.0012271404266357422
571,0100\n0101\n1111\n1000,3,2,0.0015079975128173828
572,1111\n0010\n1011\n1010,3,3,0.0011420249938964844
573,1100\n0111\n0010\n0110,3,3,0.0011391639709472656
574,0011\n0001\n1101\n1001,3,2,0.002148151397705078
575,1000\n0110\n0010\n0001,1,1,0.002094745635986328
576,0001\n1100\n0010\n0110,2,2,0.0021970272064208984
577,1110\n1101\n1000\n1100,3,3,0.001627206802368164
578,0011\n1101\n0010\n0101,3,2,0.001112222671508789
579,1011\n1100\n0010\n0001,3,3,0.0007598400115966797
580,0111\n1111\n1100\n1101,4,4,0.0004298686981201172
581,0110\n0100\n1011\n1010,3,2,0.0004439353942871094
582,1111\n0100\n0011\n1110,4,4,0.0011310577392578125
583,1111\n1100\n1000\n0001,3,2,0.0003447532653808594
584,0001\n1100\n1111\n0101,4,2,0.0003871917724609375
585,1100\n1011\n0011\n0010,3,2,0.0004069805145263672
586,1111\n0100\n0001\n0110,3,2,0.00033974647521972656
587,0011\n0110\n0001\n1001,3,2,0.0004978179931640625
588,1001\n0011\n0001\n0100,2,2,0.00042700767517089844
589,0110\n1011\n1111\n0011,4,3,0.0011310577392578125
590,1111\n1101\n1000\n1110,4,4,0.002028226852416992
591,0010\n1010\n1111\n0100,3,2,0.0008518695831298828
592,0001\n1110\n0101\n1100,3,2,0.0008471012115478516
593,1000\n0110\n0011\n0001,2,2,0.0005462169647216797
594,0100\n0010\n0101\n1000,1,1,0.0004048347473144531
595,1100\n1000\n0111\n0101,3,2,0.0009319782257080078
596,1111\n0010\n0001\n0111,3,3,0.0005030632019042969
597,1010\n0110\n0011\n1110,4,4,0.0008189678192138672
598,1111\n0011\n1101\n1011,4,4,0.0004439353942871094
599,0011\n0010\n1001\n0101,3,3,0.0006039142608642578
600,0011\n1100\n0101\n0001,3,2,0.00040602684020996094
601,1101\n1111\n0100\n1110,4,4,0.0006618499755859375
602,0111\n1000\n1110\n1100,4,3,0.0011909008026123047
603,0100\n0001\n1010\n1000,1,1,0.0004239082336425781
604,0101\n1111\n0011\n0001,4,2,0.0011990070343017578
605,0101\n1110\n1101\n0001,4,3,0.0005562305450439453
606,0101\n1101\n1001\n1011,4,4,0.0010898113250732422
607,1111\n1010\n0001\n1001,4,2,0.001077890396118164
608,0110\n1110\n0011\n0100,3,3,0.0003750324249267578
609,0011\n1111\n1101\n1000,4,4,0.0003657341003417969
610,0110\n0001\n0011\n1101,4,3,0.003191709518432617
611,1011\n0101\n0011\n1111,4,3,0.0007550716400146484
612,0001\n0111\n1101\n1000,3,3,0.00033593177795410156
613,1101\n1000\n0100\n0011,3,3,0.0003368854522705078
614,0100\n0011\n1000\n1001,2,2,0.00038313865661621094
615,0110\n1010\n0010\n0001,2,2,0.00041985511779785156
616,0011\n0100\n0010\n1001,2,2,0.0003190040588378906
617,0001\n1010\n0111\n1111,4,4,0.001068115234375
618,0001\n1111\n0101\n0110,4,2,0.0009028911590576172
619,0100\n1001\n0111\n1011,4,4,0.0003261566162109375
620,0011\n1101\n1111\n1010,5,5,0.00045108795166015625
621,0101\n1111\n1011\n1001,4,3,0.0003161430358886719
622,0011\n1111\n1011\n0001,3,3,0.0003771781921386719
623,0011\n1011\n1110\n1100,4,2,0.0009739398956298828
624,0111\n1001\n0110\n0011,4,4,0.000965118408203125
625,1011\n1100\n0100\n0010,3,2,0.00033283233642578125
626,0011\n0100\n1001\n1100,3,3,0.00039505958557128906
627,0110\n1101\n0101\n1001,4,4,0.00034999847412109375
628,0110\n1011\n1000\n1111,4,4,0.0003838539123535156
629,1001\n1100\n1000\n0010,2,2,0.0010862350463867188
630,1101\n1011\n1110\n1001,5,5,0.0008683204650878906
631,0101\n1111\n0100\n0111,3,3,0.0007441043853759766
632,0011\n1010\n1110\n0101,4,4,0.0006079673767089844
633,1010\n1110\n0111\n1111,4,4,0.0010387897491455078
634,1001\n0010\n1110\n0011,4,3,0.00047898292541503906
635,1011\n1010\n1000\n1111,3,3,0.00042176246643066406
636,1010\n0011\n0101\n1101,4,4,0.0005068778991699219
637,0001\n0110\n1110\n1100,3,3,0.0003802776336669922
638,0001\n1101\n0011\n1011,4,2,0.0006089210510253906
639,0100\n0001\n1011\n0110,3,2,0.0004470348358154297
640,1000\n0001\n1100\n1011,3,2,0.0003292560577392578
641,1000\n1111\n0100\n1101,3,3,0.0011551380157470703
642,1111\n1011\n1001\n1010,4,4,0.0005068778991699219
643,0111\n0110\n1111\n0101,4,4,0.0005698204040527344
644,1001\n0101\n0010\n0011,3,3,0.0004291534423828125
645,0100\n1111\n1110\n1000,3,3,0.0007469654083251953
646,0111\n1010\n1011\n0010,4,2,0.00047206878662109375
647,0011\n1101\n0001\n1001,3,2,0.0003418922424316406
648,0011\n0100\n1001\n1000,2,2,0.00038504600524902344
649,0111\n1110\n0100\n0110,3,3,0.0004439353942871094
650,1001\n1110\n0100\n0110,3,2,0.00043010711669921875
651,1111\n0100\n1110\n1001,4,4,0.001096963882446289
652,1000\n1101\n0010\n1100,2,2,0.0003509521484375
653,1111\n1010\n1000\n1110,3,3,0.0004410743713378906
654,0111\n0110\n0010\n1011,4,2,0.0004520416259765625
655,1111\n1101\n1010\n1110,4,4,0.0004630088806152344
656,1101\n0110\n0011\n0010,4,3,0.0004611015319824219
657,0110\n0101\n1100\n1011,5,5,0.0004999637603759766
658,0100\n1001\n1000\n0111,3,2,0.0006010532379150391
659,1100\n1010\n1101\n0010,3,2,0.0011341571807861328
660,0010\n0011\n1111\n0101,4,2,0.00041413307189941406
661,0100\n0001\n1001\n1010,2,2,0.0005209445953369141
662,0110\n0111\n0010\n1110,3,3,0.00044226646423339844
663,0011\n0001\n1000\n1110,3,2,0.00039505958557128906
664,0010\n1100\n1010\n1001,3,3,0.00043201446533203125
665,1011\n1000\n1101\n1001,3,3,0.0004506111145019531
666,1100\n1000\n1101\n0010,2,2,0.00040221214294433594
667,0001\n1111\n1001\n0011,4,2,0.00045108795166015625
668,0011\n0101\n0111\n1110,5,5,0.0004818439483642578
669,1101\n1001\n1010\n0001,3,3,0.00047016143798828125
670,0010\n0001\n0100\n1011,2,2,0.0004248619079589844
671,0111\n1100\n0100\n0001,3,2,0.0004360675811767578
672,1000\n1011\n1101\n0111,5,5,0.00041794776916503906
673,1100\n0100\n1110\n0011,3,2,0.00042510032653808594
674,1111\n1011\n1001\n0011,4,4,0.0004322528839111328
675,1100\n0100\n0111\n1010,4,3,0.0004169940948486328
676,0101\n0001\n0011\n1010,3,2,0.0004241466522216797
677,1100\n1111\n0100\n0110,4,2,0.00044417381286621094
678,0111\n1101\n1011\n1111,5,5,0.0004112720489501953
679,1010\n0001\n1101\n0011,4,3,0.0004496574401855469
680,1010\n0001\n0111\n0011,3,3,0.0004458427429199219
681,1111\n0001\n0111\n1101,4,4,0.0005190372467041016
682,0011\n1010\n1011\n0100,3,3,0.0004489421844482422
683,0011\n1101\n0111\n1011,5,5,0.000476837158203125
684,0110\n0111\n1010\n1110,4,4,0.000514984130859375
685,0111\n1110\n1100\n0110,4,4,0.0004291534423828125
686,0011\n0111\n0001\n1001,3,2,0.0004177093505859375
687,0010\n1000\n1011\n1111,3,3,0.0004668235778808594
688,0111\n1100\n1001\n0110,4,4,0.00043201446533203125
689,0011\n0010\n1100\n1010,3,2,0.00041103363037109375
690,1110\n0011\n1100\n1000,3,2,0.00038504600524902344
691,1111\n0001\n0110\n1101,4,4,0.00043201446533203125
692,1110\n1111\n0011\n1000,4,4,0.0004143714904785156
693,1011\n1111\n0010\n1110,4,4,0.00045990943908691406
694,0001\n0011\n1011\n1101,4,2,0.0004107952117919922
695,0011\n0001\n1001\n0100,2,2,0.0004470348358154297
696,0010\n0110\n1001\n0101,3,3,0.0004012584686279297
697,1000\n0110\n1011\n1001,3,2,0.00041794776916503906
698,1110\n1001\n0110\n0100,3,2,0.0004642009735107422
699,1010\n1111\n1000\n1011,3,3,0.0004379749298095703
700,0111\n1110\n0110\n1010,4,4,0.0003681182861328125
701,0100\n0011\n0110\n1111,4,2,0.0004410743713378906
702,0101\n1001\n1010\n0010,3,3,0.0004100799560546875
703,1010\n1011\n1100\n0101,4,4,0.0007612705230712891
704,1110\n0111\n0110\n1101,5,5,0.0006871223449707031
705,1000\n0111\n0011\n1001,3,2,0.0004608631134033203
706,1001\n0100\n1000\n0011,2,2,0.0007538795471191406
707,1110\n0101\n1111\n0110,4,3,0.002416849136352539
708,1010\n0101\n1011\n0010,3,2,0.0004181861877441406
709,0101\n0111\n1010\n0011,4,4,0.0007579326629638672
710,0011\n1111\n0101\n0010,4,2,0.0006957054138183594
711,1001\n1110\n1010\n1000,3,2,0.0017096996307373047
712,1110\n1001\n0001\n0011,4,3,0.0013396739959716797
713,1010\n0010\n1110\n1011,3,3,0.0012118816375732422
714,1100\n1000\n0111\n0010,3,2,0.0011157989501953125
715,0001\n1000\n1011\n0110,3,3,0.0012049674987792969
716,1000\n0010\n1001\n0111,3,2,0.0008289813995361328
717,0100\n1100\n1101\n1010,3,3,0.00043320655822753906
718,1111\n1001\n0111\n0010,4,4,0.0007441043853759766
719,0011\n1111\n0100\n0110,4,2,0.0009531974792480469
720,0101\n0111\n0011\n1110,5,5,0.0004608631134033203
721,0011\n1001\n0001\n1100,3,2,0.0004780292510986328
722,0111\n0011\n0110\n1000,3,3,0.0005221366882324219
723,1001\n0100\n1010\n0010,2,2,0.0008230209350585938
724,0101\n1101\n1011\n1111,4,4,0.00045180320739746094
725,0100\n1111\n0001\n0011,3,2,0.0012989044189453125
726,0001\n1000\n0110\n1010,2,2,0.0004069805145263672
727,1111\n1010\n0111\n1110,4,4,0.00039577484130859375
728,1000\n0001\n1100\n1111,3,2,0.0004630088806152344
729,0101\n1001\n1010\n0010,3,3,0.0005853176116943359
730,0110\n0111\n1100\n0100,3,2,0.000431060791015625
731,0011\n0101\n1111\n0001,4,2,0.0007190704345703125
732,0100\n0010\n1111\n0011,3,2,0.00044608116149902344
733,0110\n1100\n1001\n0001,3,3,0.0012538433074951172
734,1011\n1111\n0111\n0001,4,4,0.0004520416259765625
735,1111\n1101\n1000\n1110,4,4,0.0005168914794921875
736,1011\n0110\n0100\n0111,4,3,0.0009033679962158203
737,0101\n0110\n1111\n0010,4,2,0.00044608116149902344
738,0010\n1011\n0110\n1010,3,2,0.0003859996795654297
739,1101\n1001\n0111\n1011,5,5,0.0004391670227050781
740,0011\n1010\n0101\n0111,4,4,0.0004787445068359375
741,1100\n1010\n1111\n1110,4,4,0.0007910728454589844
742,0100\n0010\n1000\n1111,3,3,0.0004208087921142578
743,0110\n1011\n1000\n0001,3,3,0.0007317066192626953
744,1101\n1010\n1110\n0110,5,5,0.0004248619079589844
745,1000\n1011\n1100\n0110,4,3,0.0009601116180419922
746,1110\n1010\n1100\n1001,4,4,0.0004889965057373047
747,0010\n0101\n1001\n0001,2,2,0.0004780292510986328
748,1100\n0101\n1111\n1110,4,3,0.0007550716400146484
749,1100\n1001\n1000\n1011,3,2,0.0012240409851074219
750,1001\n1100\n1000\n0011,3,2,0.00043892860412597656
751,1110\n1011\n0001\n1101,5,5,0.0013239383697509766
752,0110\n1100\n0101\n1110,4,4,0.00043392181396484375
753,0110\n0010\n1100\n1101,3,2,0.0008389949798583984
754,1000\n0001\n1011\n1111,3,3,0.0004382133483886719
755,0010\n1000\n1001\n0101,2,2,0.0004050731658935547
756,0100\n1111\n1000\n0010,3,3,0.0005681514739990234
757,1111\n1000\n1011\n1101,4,4,0.0004420280456542969
758,0001\n1111\n0111\n1011,4,4,0.0004911422729492188
759,0101\n1110\n0001\n1001,4,3,0.0014810562133789062
760,1110\n1111\n1000\n1010,3,3,0.0005240440368652344
761,1010\n1000\n0111\n1100,4,3,0.0004191398620605469
762,0111\n1011\n0101\n0110,5,5,0.0004849433898925781
763,0011\n0001\n1110\n0110,3,2,0.0004818439483642578
764,0101\n0100\n1100\n1111,4,2,0.0005419254302978516
765,0001\n0100\n1101\n1011,3,3,0.000370025634765625
766,0100\n0011\n0110\n1010,3,3,0.0005559921264648438
767,1001\n0110\n0011\n1000,3,3,0.0005707740783691406
768,0001\n0101\n1011\n0011,3,2,0.0003750324249267578
769,1011\n0011\n0111\n0001,3,3,0.0005810260772705078
770,0010\n0011\n1001\n1100,3,3,0.0013701915740966797
771,1111\n1101\n0011\n0100,4,4,0.0004470348358154297
772,1100\n0100\n1111\n0010,3,2,0.0004107952117919922
773,0111\n1011\n1010\n1001,5,5,0.0011241436004638672
774,0100\n0010\n0001\n1110,2,2,0.0004889965057373047
775,1011\n0011\n0001\n1101,4,2,0.0004949569702148438
776,1000\n0111\n1001\n1011,4,3,0.0004391670227050781
777,1010\n0111\n1111\n0100,4,4,0.0007770061492919922
778,1011\n1001\n1111\n0111,4,4,0.0004367828369140625
779,0011\n0111\n1011\n0010,3,3,0.0004439353942871094
780,0001\n0011\n1100\n1001,3,2,0.000720977783203125
781,1001\n1011\n0101\n0110,4,4,0.00038909912109375
782,0001\n1101\n0011\n1000,3,2,0.0004401206970214844
783,0010\n0101\n1000\n0100,1,1,0.0003898143768310547
784,1000\n0110\n0111\n1101,4,4,0.0004038810729980469
785,1101\n0111\n1111\n1100,4,4,0.0004398822784423828
786,1110\n1101\n0111\n0010,5,5,0.00045800209045410156
787,1111\n1100\n0101\n1011,5,5,0.0007472038269042969
788,0010\n1100\n1000\n1101,2,2,0.0004551410675048828
789,0111\n0011\n1011\n1101,5,5,0.0004870891571044922
790,0100\n1100\n0001\n0110,2,2,0.0004050731658935547
791,0100\n0110\n1111\n1010,4,2,0.00039887428283691406
792,0011\n0001\n1011\n1111,3,3,0.0003769397735595703
793,0111\n1101\n1100\n0101,4,4,0.00046515464782714844
794,1111\n1100\n0110\n0100,4,2,0.0004591941833496094
795,0111\n1110\n1011\n0001,5,5,0.00046706199645996094
796,1101\n1000\n1001\n0110,3,2,0.0005030632019042969
797,1101\n1100\n1111\n0100,3,3,0.00040984153747558594
798,1010\n1100\n1111\n0100,4,2,0.00045418739318847656
799,1000\n1010\n0101\n0100,2,1,0.00043702125549316406
800,1110\n1100\n0101\n1101,4,4,0.00047278404235839844
801,1010\n0011\n1011\n1111,4,4,0.0005021095275878906
802,1010\n1110\n1011\n1100,4,4,0.0006318092346191406
803,1110\n1101\n1010\n1100,4,4,0.0004889965057373047
804,1110\n1111\n1001\n1101,4,4,0.0004999637603759766
805,1001\n0100\n0111\n0010,3,3,0.0005707740783691406
806,0001\n1010\n1001\n0111,4,3,0.000457763671875
807,0010\n0110\n1000\n0011,2,2,0.00038695335388183594
808,1111\n0011\n1010\n0100,4,4,0.0017321109771728516
809,1111\n1100\n0010\n1010,4,2,0.0004379749298095703
810,0110\n1001\n0001\n0100,2,1,0.0011205673217773438
811,1011\n1110\n1000\n0111,5,5,0.0005409717559814453
812,0100\n0110\n0001\n1011,3,2,0.0008020401000976562
813,1001\n0110\n0101\n0111,4,4,0.001146078109741211
814,0011\n1111\n0100\n0001,3,2,0.0009479522705078125
815,1011\n0011\n1001\n0110,4,4,0.0017762184143066406
816,0001\n1111\n0110\n0010,3,2,0.0013060569763183594
817,1101\n0011\n0010\n0111,4,3,0.0008776187896728516
818,1010\n0101\n0010\n0110,3,2,0.0005717277526855469
819,0110\n1100\n0010\n1001,3,3,0.0016591548919677734
820,0010\n0101\n1001\n0100,2,2,0.0006339550018310547
821,0001\n1111\n1001\n1100,4,2,0.0015418529510498047
822,0101\n1101\n0111\n0110,4,4,0.001361846923828125
823,1001\n1100\n1111\n1110,4,3,0.0005857944488525391
824,1000\n1001\n0011\n1100,3,2,0.000431060791015625
825,1010\n1001\n0101\n1101,4,4,0.0004239082336425781
826,0101\n0110\n0111\n1000,3,3,0.0005996227264404297
827,1110\n0100\n0001\n0010,2,2,0.0004496574401855469
828,0011\n1101\n0010\n0100,3,2,0.0013439655303955078
829,0011\n1110\n0010\n0101,4,3,0.0004570484161376953
830,1100\n1001\n0110\n0001,3,3,0.00043702125549316406
831,0001\n0111\n1001\n1011,4,2,0.00040602684020996094
832,0010\n0110\n1101\n1110,4,3,0.0009720325469970703
833,0001\n0011\n0111\n1110,4,3,0.0004317760467529297
834,1100\n0110\n0101\n1000,3,3,0.0004680156707763672
835,1000\n1100\n0011\n1110,3,2,0.00041604042053222656
836,0110\n0011\n1100\n1110,4,4,0.0006501674652099609
837,1011\n1010\n1110\n1001,4,4,0.00042700767517089844
838,0100\n1101\n0101\n1010,3,2,0.0003819465637207031
839,0100\n1100\n1101\n0110,3,2,0.0006761550903320312
840,1101\n0111\n0110\n0011,5,5,0.0004839897155761719
841,0100\n1110\n0111\n0001,3,3,0.0013718605041503906
842,0111\n0010\n0011\n1100,3,2,0.0003688335418701172
843,0110\n0100\n1111\n0111,3,3,0.0014369487762451172
844,1000\n1100\n1111\n0110,4,2,0.0004611015319824219
845,1010\n1001\n1110\n1111,4,3,0.001207113265991211
846,1101\n0010\n1110\n0100,3,3,0.0004329681396484375
847,0101\n0001\n1111\n1000,3,2,0.0006451606750488281
848,1011\n0011\n0010\n1111,3,3,0.0004711151123046875
849,0100\n0111\n0001\n1101,4,4,0.0004811286926269531
850,0100\n1000\n1011\n0010,2,2,0.0009331703186035156
851,1110\n0111\n0101\n1101,5,5,0.0005018711090087891
852,1011\n0111\n0100\n1101,5,5,0.0011172294616699219
853,1101\n1110\n1010\n0001,4,4,0.0004730224609375
854,1010\n0110\n1101\n1000,4,3,0.0005660057067871094
855,1111\n0011\n0001\n1011,3,3,0.0004451274871826172
856,0010\n1111\n1001\n0111,4,4,0.0004520416259765625
857,0100\n1010\n1011\n0110,3,2,0.0011000633239746094
858,0100\n1000\n1010\n0101,2,1,0.00048613548278808594
859,1001\n1110\n1100\n1101,4,4,0.0004322528839111328
860,1001\n0001\n0010\n0111,3,2,0.00042510032653808594
861,1101\n0111\n0011\n0001,4,2,0.0007610321044921875
862,0010\n1111\n0011\n1000,3,2,0.0004570484161376953
863,0101\n1010\n1001\n0100,3,3,0.001026153564453125
864,0010\n0111\n0100\n1110,4,4,0.00045013427734375
865,1000\n1010\n0111\n1011,4,3,0.00046515464782714844
866,0100\n1111\n0111\n0101,3,3,0.0004611015319824219
867,1110\n0111\n0101\n1000,4,4,0.0004520416259765625
868,1001\n1101\n0110\n0111,4,2,0.0014677047729492188
869,1111\n0001\n0011\n1011,3,3,0.00039196014404296875
870,1110\n0101\n1010\n1100,4,4,0.0005009174346923828
871,1000\n0001\n0010\n0100,0,0,0.0003139972686767578
872,0111\n1101\n0100\n1100,4,2,0.0004401206970214844
873,0010\n1100\n1111\n0100,3,2,0.0003979206085205078
874,1100\n1101\n0100\n1010,3,3,0.0005743503570556641
875,0111\n0011\n0101\n1100,4,4,0.00047087669372558594
876,1101\n0101\n0011\n0010,3,2,0.0004410743713378906
877,1011\n0010\n1101\n0111,5,5,0.0006918907165527344
878,0011\n0101\n0100\n1101,3,3,0.0006299018859863281
879,0010\n1010\n0100\n0001,1,1,0.0003998279571533203
880,0011\n0111\n1001\n0001,3,2,0.0005559921264648438
881,1110\n0010\n0110\n1011,4,2,0.0007572174072265625
882,1110\n0110\n1010\n0011,4,4,0.00045990943908691406
883,0100\n1000\n1101\n0111,3,3,0.0014421939849853516
884,1011\n0110\n0100\n0111,4,3,0.0004391670227050781
885,0010\n1110\n1111\n1010,3,3,0.0007359981536865234
886,1001\n1100\n0001\n0010,2,2,0.0004119873046875
887,0111\n1000\n0101\n0110,3,3,0.0008859634399414062
888,0011\n0110\n1110\n1010,4,4,0.0004458427429199219
889,0101\n1110\n1101\n0010,4,4,0.0008859634399414062
890,0011\n1100\n0100\n1110,3,2,0.0006561279296875
891,0001\n1110\n1100\n0110,3,3,0.0009970664978027344
892,0100\n1110\n0111\n0010,4,4,0.0014903545379638672
893,1110\n1100\n0110\n0111,4,4,0.0004749298095703125
894,1010\n1011\n1111\n0011,4,4,0.0004448890686035156
895,1110\n0111\n0100\n1100,4,2,0.0008177757263183594
896,1111\n0101\n0010\n0001,3,2,0.0004658699035644531
897,1000\n0001\n0011\n1110,3,2,0.001277923583984375
898,0011\n1001\n1101\n0001,3,2,0.0004248619079589844
899,0100\n1110\n1101\n1011,5,5,0.0005791187286376953
900,1111\n1100\n1001\n0001,4,2,0.0004451274871826172
901,0101\n0001\n1010\n1101,3,2,0.0011830329895019531
902,0010\n0101\n1001\n0100,2,2,0.0012018680572509766
903,1101\n0110\n0011\n1001,4,4,0.0006208419799804688
904,0001\n1011\n0011\n0111,3,3,0.00043892860412597656
905,0111\n1100\n0010\n1010,4,3,0.0006787776947021484
906,0011\n0111\n1100\n0001,3,2,0.000431060791015625
907,0111\n0100\n1001\n1000,3,2,0.00047278404235839844
908,0100\n1100\n1111\n0001,3,2,0.00042319297790527344
909,1110\n1111\n0010\n1011,4,4,0.00039315223693847656
910,1001\n0101\n0110\n0001,3,2,0.0004558563232421875
911,0011\n0010\n1110\n0111,4,2,0.0004134178161621094
912,0110\n1011\n1000\n0001,3,3,0.00038623809814453125
913,0010\n1101\n0011\n0100,3,2,0.0003528594970703125
914,1001\n1111\n0101\n1101,4,4,0.0004971027374267578
915,0100\n1000\n0010\n0011,1,1,0.00034999847412109375
916,0101\n0011\n0010\n1100,3,3,0.00039696693420410156
917,1101\n0111\n1011\n1000,5,5,0.00045800209045410156
918,1100\n0101\n0010\n0100,2,2,0.0004200935363769531
919,1011\n1001\n1110\n0100,4,4,0.0004189014434814453
920,1010\n0111\n0100\n1011,4,4,0.00042176246643066406
921,0100\n0101\n1111\n1000,3,2,0.0004012584686279297
922,1000\n1010\n1101\n1100,3,2,0.0004119873046875
923,0110\n0101\n1101\n1111,4,3,0.0004150867462158203
924,0101\n0010\n1110\n1101,4,4,0.0004329681396484375
925,0010\n1000\n1100\n1011,3,2,0.0004448890686035156
926,0011\n1110\n1111\n0101,5,5,0.00045990943908691406
927,0011\n0111\n1111\n1110,4,4,0.0008409023284912109
928,0111\n0100\n1011\n0101,4,3,0.0004553794860839844
929,1100\n0101\n0010\n1101,3,3,0.0004470348358154297
930,1110\n1100\n0110\n1101,4,4,0.0004010200500488281
931,1111\n1001\n1100\n1011,4,3,0.0003809928894042969
932,1110\n1001\n1000\n1100,3,2,0.0005199909210205078
933,1110\n1111\n1010\n1000,3,3,0.00046324729919433594
934,1010\n0001\n0110\n0010,2,2,0.0006730556488037109
935,1011\n0111\n0110\n1110,5,5,0.0007050037384033203
936,1110\n0001\n1011\n1100,4,4,0.0006618499755859375
937,1011\n1100\n0101\n0100,4,3,0.0005018711090087891
938,0111\n0001\n1110\n1101,5,5,0.00044274330139160156
939,0101\n1001\n0100\n1010,3,3,0.0005979537963867188
940,0001\n1111\n1010\n0110,4,4,0.00047016143798828125
941,0110\n0111\n0101\n1101,4,4,0.0004527568817138672
942,0101\n0110\n0001\n1010,3,3,0.0004048347473144531
943,0011\n0101\n1101\n0010,3,2,0.0003859996795654297
944,1011\n1110\n0001\n1001,4,3,0.00039696693420410156
945,0100\n0111\n1110\n0101,4,2,0.0004057884216308594
946,1011\n1111\n0101\n0010,4,4,0.0004279613494873047
947,1111\n0010\n1110\n1000,3,3,0.0004379749298095703
948,1001\n0011\n0001\n0100,2,2,0.00043201446533203125
949,0001\n0101\n0111\n1101,3,3,0.00041794776916503906
950,0011\n1110\n0111\n0010,4,2,0.0004029273986816406
951,0001\n0101\n1001\n1111,4,2,0.000408172607421875
952,1001\n0101\n1101\n0111,4,4,0.00043392181396484375
953,1101\n0010\n0111\n1110,5,5,0.0004277229309082031
954,1111\n1000\n0011\n1010,4,2,0.00041222572326660156
955,1100\n0011\n1000\n0101,3,3,0.002543210983276367
956,1000\n1100\n1111\n1101,3,3,0.00046706199645996094
957,0010\n1011\n1111\n0001,3,3,0.0004553794860839844
958,1001\n1110\n0100\n0101,4,3,0.0003840923309326172
959,1111\n0001\n1101\n1001,3,3,0.0005166530609130859
960,1111\n1001\n1110\n1011,4,4,0.0004448890686035156
961,0111\n0101\n0100\n1000,2,2,0.0026388168334960938
962,0010\n0101\n1110\n1010,3,2,0.0005719661712646484
963,1111\n0100\n1100\n1010,4,2,0.0013098716735839844
964,1110\n1000\n0100\n1001,3,2,0.0004417896270751953
965,1101\n1100\n0100\n1111,3,3,0.001322031021118164
966,0100\n1101\n0110\n1110,4,2,0.0005609989166259766
967,1100\n0001\n0011\n1010,3,3,0.0008990764617919922
968,0001\n1000\n1010\n0110,2,2,0.0003972053527832031
969,1001\n1101\n1011\n0011,4,4,0.0007050037384033203
970,0010\n1101\n1001\n1010,3,2,0.0004489421844482422
971,1110\n0010\n0100\n0101,3,2,0.00040793418884277344
972,1011\n1001\n0101\n1111,4,3,0.00043010711669921875
973,0101\n1010\n1011\n0111,4,2,0.00039076805114746094
974,1001\n0100\n1000\n0110,2,1,0.00046896934509277344
975,1110\n1000\n1010\n1101,4,2,0.0004899501800537109
976,0110\n0101\n1000\n0111,3,3,0.00043702125549316406
977,0111\n0001\n1111\n0010,3,3,0.0004818439483642578
978,1000\n0111\n1100\n0101,3,2,0.000457763671875
979,1011\n0110\n1100\n0100,4,3,0.0004730224609375
980,0111\n0011\n1010\n0010,3,2,0.00047707557678222656
981,1111\n1011\n1010\n1001,4,4,0.00045371055603027344
982,0101\n1110\n1001\n1101,5,5,0.00061798095703125
983,1110\n1001\n0011\n0110,4,4,0.00047707557678222656
984,0100\n1001\n1100\n0011,3,3,0.0003979206085205078
985,1110\n1100\n1000\n0111,4,3,0.0005047321319580078
986,1100\n1111\n1011\n1001,4,3,0.0003829002380371094
987,1110\n1000\n1101\n1100,3,3,0.0004649162292480469
988,1111\n1010\n0111\n0011,4,3,0.00042510032653808594
989,0101\n0010\n0011\n1100,3,3,0.0009262561798095703
990,1110\n0001\n0100\n1100,2,2,0.0004200935363769531
991,0001\n0010\n0101\n1001,2,2,0.001209259033203125
992,0100\n1010\n1100\n0111,4,3,0.0003452301025390625
993,0011\n0110\n1111\n0100,4,2,0.0003788471221923828
994,1110\n1111\n1010\n0011,4,3,0.0011131763458251953
995,1111\n0110\n0001\n0010,3,2,0.0004229545593261719
996,0011\n1001\n0001\n0110,3,2,0.0011248588562011719
997,0110\n0010\n1000\n1001,2,1,0.0005769729614257812
998,0101\n1110\n0010\n0011,4,3,0.0010960102081298828
999,1010\n1011\n0100\n0010,2,2,0.0008730888366699219
